time/total_timesteps,time/iterations,time/time_elapsed,rollout/ep_len_mean,time/fps,rollout/ep_rew_mean,train/value_loss,train/n_updates,train/entropy_loss,train/explained_variance,train/clip_fraction,train/loss,train/approx_kl,train/policy_gradient_loss,train/clip_range,train/learning_rate
1024,1,12,58.705882352941174,83,15.172657117647061,,,,,,,,,,
2048,2,23,58.529411764705884,86,15.60962382352941,9.300280014673868,6,-1.0055236121018727,0.025002598762512207,0.0,3.3400042057037354,0.0011357821,-0.005103325160841147,0.2,0.0003
3072,3,32,57.58490566037736,94,13.616382962264149,11.02801302075386,12,-1.0111109378437202,0.35767894983291626,0.0,4.421581745147705,0.00084130024,-0.003900661540683359,0.2,0.0003
4096,4,41,58.042857142857144,99,14.321648871428572,10.7828216056029,18,-0.8658482929070791,0.2336387038230896,0.0026041666666666665,3.347583532333374,0.0026345344,-0.007597087630225967,0.2,0.0003
5120,5,50,57.65909090909091,101,13.230428000000002,9.724909673134485,24,-0.9046451710164547,0.5847443342208862,0.0,3.103177785873413,0.0021470475,-0.003882372499598811,0.2,0.0003
6144,6,60,57.53,102,13.27312215,9.1936956346035,30,-0.8905456488331159,0.7533449530601501,0.00390625,4.311486721038818,0.0036755514,-0.009041952075979983,0.2,0.0003
7168,7,68,57.85,105,13.210713979999998,9.607612997293472,36,-0.9924213128785292,0.7486695051193237,0.00016276041666666666,2.3439316749572754,0.001435522,-0.004725377444022645,0.2,0.0003
8192,8,82,57.79,99,12.912049029999999,9.061052372058233,42,-0.9773459744950136,0.46258288621902466,0.00016276041666666666,3.1004583835601807,0.0024990807,-0.006030723122724642,0.2,0.0003
9216,9,91,58.61,101,14.15693761,9.152786175409952,48,-0.936798038582007,0.8595789074897766,0.006022135416666667,2.4110491275787354,0.0023512843,-0.006320406023102502,0.2,0.0003
10240,10,99,58.78,102,14.679071809999998,10.024648199478785,54,-0.9262376266221205,0.7410895824432373,0.0,3.466670036315918,0.000994721,-0.004309155250666663,0.2,0.0003
11264,11,110,57.59,101,14.362689519999998,11.566875030597052,60,-0.9045682810246944,0.7250332236289978,0.0037434895833333335,4.7240071296691895,0.0028601666,-0.006775793144091343,0.2,0.0003
12288,12,118,57.25,103,13.831534889999999,13.859178880850473,66,-0.7897627887626489,0.7469354867935181,0.0,5.451958656311035,0.001168078,-0.004021309393768509,0.2,0.0003
13312,13,128,57.24,103,13.494723079999998,13.623139480749765,72,-0.8119389874239763,0.7564787268638611,0.0,4.317842483520508,0.003394416,-0.0059011000994360074,0.2,0.0003
14336,14,137,56.84,103,13.41490293,8.884115174412727,78,-0.8698784982164701,0.7088420391082764,0.0,2.1692705154418945,0.0007536647,-0.003612243070771607,0.2,0.0003
15360,15,146,56.62,105,12.980882170000003,6.111019536852837,84,-0.8760271991292635,0.8015421628952026,0.0,1.9654513597488403,0.00223867,-0.006799581407297713,0.2,0.0003
16384,16,159,56.51,102,12.830297540000004,4.02865502734979,90,-0.9116531200706959,0.8685882091522217,0.032389322916666664,1.4660954475402832,0.0068580178,-0.012153227891152104,0.2,0.0003
17408,17,166,57.87,104,14.030677630000003,14.500834981600443,96,-0.8353214077651501,0.815055787563324,0.00244140625,10.739949226379395,0.0035523418,-0.0057832493960935,0.2,0.0003
18432,18,176,57.58,104,14.68595693,9.377672483523687,102,-0.9320077523589134,0.8282877206802368,0.0030924479166666665,2.192690372467041,0.0018945079,-0.006836161075625569,0.2,0.0003
19456,19,184,58.05,105,15.36068618,15.02275345226129,108,-0.7980735537906488,0.7456556558609009,0.008138020833333334,2.175293445587158,0.004463549,-0.007256111658837956,0.2,0.0003
20480,20,194,56.98,105,14.959664989999998,8.428890039523443,114,-0.8303646507362524,0.8308354616165161,0.0016276041666666667,2.859175682067871,0.0023418386,-0.0042503456061240286,0.2,0.0003
21504,21,204,57.26,105,16.000517380000005,5.917006850242615,120,-0.9189420789480209,0.8463109135627747,0.009602864583333334,1.6937203407287598,0.005289957,-0.009626937816695621,0.2,0.0003
22528,22,212,58.47,106,16.91012557,3.5253901531298957,126,-0.9011819598575433,0.8987429738044739,0.0068359375,1.2960811853408813,0.0031836005,-0.007873027954095354,0.2,0.0003
23552,23,219,58.48,107,16.8342077,5.49591647585233,132,-0.8080491262177626,0.8566909432411194,0.006184895833333333,2.0790348052978516,0.0026633856,-0.007540428108768538,0.2,0.0003
24576,24,232,59.18,105,17.12217557,7.9973247696956,138,-0.8706795871257782,0.8408411741256714,0.0026041666666666665,2.5168309211730957,0.002746333,-0.006904515030328184,0.2,0.0003
25600,25,243,59.31,105,16.730582169999998,10.691529750823975,144,-0.8311012325187525,0.752285361289978,0.001953125,4.312951564788818,0.0029787677,-0.005687307830764136,0.2,0.0003
26624,26,254,59.19,104,16.58690088,4.19242300093174,150,-0.8483345160881678,0.917218029499054,0.019205729166666668,2.002680778503418,0.006410453,-0.01356793831412991,0.2,0.0003
27648,27,263,59.2,105,16.29709531,8.291627605756124,156,-0.8584559361139933,0.821633517742157,0.022298177083333332,1.968176245689392,0.0068452763,-0.009958115813788027,0.2,0.0003
28672,28,273,59.03,104,15.34116885,8.249313419063887,162,-0.8964729396005472,0.8421134352684021,0.013834635416666666,4.040623664855957,0.0049239607,-0.007833942664243901,0.2,0.0003
29696,29,280,59.1,105,15.445910450000001,6.781299168864886,168,-0.8707576257487138,0.8736329078674316,0.0078125,2.198699951171875,0.003833611,-0.01264350296696648,0.2,0.0003
30720,30,286,59.23,107,16.329201010000002,4.862885216871898,174,-0.8903944380581379,0.8981590270996094,0.037434895833333336,1.392266035079956,0.008599178,-0.016048064319572102,0.2,0.0003
31744,31,295,58.24,107,15.80848511,5.596106121937434,180,-0.8486297937730948,0.8510446548461914,0.017252604166666668,1.16379714012146,0.005651417,-0.011064995730218167,0.2,0.0003
32768,32,309,58.69,105,15.481415160000005,8.569544896483421,186,-0.8495730894307295,0.8591285943984985,0.0026041666666666665,1.6952314376831055,0.0016723601,-0.004606958013027906,0.2,0.0003
33792,33,316,58.31,106,15.293884629999997,5.224142238497734,192,-0.8454530586798986,0.8904609084129333,0.017578125,1.288799524307251,0.0057632597,-0.0116526827623602,0.2,0.0003
34816,34,325,57.98,106,15.662753700000001,6.49260055522124,198,-0.8454824648797512,0.864368736743927,0.019205729166666668,2.5266001224517822,0.0054994933,-0.00862316160540407,0.2,0.0003
35840,35,332,57.89,107,15.902761909999999,8.62521060804526,204,-0.8031472563743591,0.8674252033233643,0.0029296875,2.5201234817504883,0.0031755033,-0.006748820800567046,0.2,0.0003
36864,36,340,58.03,108,15.496198649999998,6.730980575084686,210,-0.8576277308166027,0.5976229906082153,0.012369791666666666,1.5389056205749512,0.0047341613,-0.011156865735150253,0.2,0.0003
37888,37,351,58.82,107,17.04050994,8.468896841009458,216,-0.7984060583015283,0.8136489987373352,0.017578125,1.7814961671829224,0.003037104,-0.00886612578566807,0.2,0.0003
38912,38,358,58.79,108,17.352710639999998,5.310617968440056,222,-0.7725369557738304,0.8607180714607239,0.04443359375,2.483272075653076,0.007713686,-0.011726332906012734,0.2,0.0003
39936,39,366,58.95,109,17.6821441,2.519988551735878,228,-0.7956029524405798,0.8701311945915222,0.020345052083333332,0.6424803137779236,0.0042988136,-0.00814779037803722,0.2,0.0003
40960,40,380,59.38,107,18.48798439,4.32740792632103,234,-0.7577671594917774,0.8361599445343018,0.030110677083333332,1.4416171312332153,0.0069221277,-0.010187630638635406,0.2,0.0003
41984,41,388,58.87,107,17.687057369999998,3.03495933363835,240,-0.814306728541851,0.9418303966522217,0.017740885416666668,0.5768628716468811,0.0056183916,-0.011523278236078719,0.2,0.0003
43008,42,396,59.27,108,17.75045085,4.318081686894099,246,-0.8002669115861257,0.8952436447143555,0.027018229166666668,1.2371891736984253,0.0071459496,-0.009767991160818687,0.2,0.0003
44032,43,406,59.66,108,17.57888825,1.8452558492620785,252,-0.7732421532273293,0.8981965184211731,0.044759114583333336,0.3789409399032593,0.006543469,-0.013037086221932745,0.2,0.0003
45056,44,415,58.81,108,16.53254624,1.8714455105364323,258,-0.8131508541603883,0.9290186166763306,0.012369791666666666,0.6108835339546204,0.003687482,-0.008509557247937968,0.2,0.0003
46080,45,423,58.85,108,16.401129080000004,6.571291580796242,264,-0.7836373982330164,0.8540591597557068,0.0035807291666666665,1.6226364374160767,0.0023202416,-0.0061426530398118,0.2,0.0003
47104,46,431,58.08,109,16.08938539,2.292644982536634,270,-0.75810640056928,0.930174708366394,0.047526041666666664,0.6345736384391785,0.010011068,-0.016051713794392224,0.2,0.0003
48128,47,440,57.99,109,17.05046525,11.07323113332192,276,-0.7990876995027065,0.809548556804657,0.00244140625,3.1511178016662598,0.0015745026,-0.005503239745545822,0.2,0.0003
49152,48,453,58.18,108,17.689647479999998,2.2085872627794743,282,-0.7840950253109137,0.6385251879692078,0.02392578125,0.7119761109352112,0.0056652557,-0.00964869573363103,0.2,0.0003
50176,49,460,57.59,109,16.974471519999998,1.6956193558871746,288,-0.7970560503502687,0.8714277744293213,0.024088541666666668,0.4379740059375763,0.0061461795,-0.013700348587008193,0.2,0.0003
51200,50,466,58.32,109,17.89600366,19.803199231624603,294,-0.7825095864633719,0.7175096273422241,0.00439453125,15.133831024169922,0.001962924,-0.008405772532569245,0.2,0.0003
52224,51,476,57.33,109,18.00071246,2.852908544242382,300,-0.7646244280040264,0.8198005557060242,0.025390625,1.1025209426879883,0.0068574,-0.010212789765015865,0.2,0.0003
53248,52,485,58.01,109,18.24143542,2.997498795390129,306,-0.7779758286972841,0.8667780756950378,0.014485677083333334,0.9204429388046265,0.0037725163,-0.008207399863749743,0.2,0.0003
54272,53,493,58.0,109,17.840671959999998,12.234390012919903,312,-0.7163482829928398,0.6693650484085083,0.0009765625,7.698940277099609,0.0010401164,-0.0035963244566422268,0.2,0.0003
55296,54,502,57.73,110,17.687611959999998,3.936527599891027,318,-0.780183307826519,0.8735860586166382,0.001953125,0.681382954120636,0.0025309115,-0.0053465059148341725,0.2,0.0003
56320,55,511,58.11,110,18.54801425,5.974024251103401,324,-0.7512939783434073,0.8916749954223633,0.0037434895833333335,1.5549976825714111,0.002133013,-0.007951146981213242,0.2,0.0003
57344,56,525,58.13,109,18.34547712,15.678887472798428,330,-0.8313361257314682,0.43663811683654785,0.016276041666666668,0.4189784824848175,0.005254479,-0.009764672654758519,0.2,0.0003
58368,57,535,58.3,109,18.26784871,4.033907026052475,336,-0.7261430906752745,0.8993360996246338,0.01806640625,1.2704777717590332,0.005320009,-0.009875485945182541,0.2,0.0003
59392,58,542,58.47,109,18.26452265,14.406685327490171,342,-0.7584082372486591,0.522321343421936,0.008626302083333334,2.8875627517700195,0.003994303,-0.006938423209552032,0.2,0.0003
60416,59,548,58.59,110,18.01817873,7.753912602861722,348,-0.7201955653727055,0.8091245889663696,0.0022786458333333335,1.3479206562042236,0.002496567,-0.003425165865337476,0.2,0.0003
61440,60,557,58.22,110,17.663786140000003,3.3184636309742928,354,-0.7085568221906821,0.8676629662513733,0.0126953125,1.2044981718063354,0.0039875167,-0.005686809279723093,0.2,0.0003
62464,61,566,58.28,110,17.525935150000002,6.257781470815341,360,-0.7201949308315913,0.8517163991928101,0.01904296875,2.8658368587493896,0.005195603,-0.00648633739425956,0.2,0.0003
63488,62,576,58.38,110,17.431787999999997,3.702020344634851,366,-0.7457676542301973,0.8698116540908813,0.0341796875,0.9443057775497437,0.0070061693,-0.012431503438468402,0.2,0.0003
64512,63,585,58.5,110,17.28668037,22.50322328756253,372,-0.7504512059191862,0.6901731491088867,0.004557291666666667,7.080315113067627,0.002199798,-0.005148577649379149,0.2,0.0003
65536,64,600,59.01,109,17.670489529999998,2.0194723221162953,378,-0.6857122940321764,0.9498105049133301,0.033203125,0.3296482563018799,0.005636108,-0.012265513088398924,0.2,0.0003
66560,65,608,58.99,109,18.525270310000003,1.279992160697778,384,-0.697958850612243,0.9424701929092407,0.04248046875,0.22789353132247925,0.0062056817,-0.011370715083709607,0.2,0.0003
67584,66,617,59.55,109,19.074776240000002,1.9367362757523854,390,-0.744777150452137,0.8896232843399048,0.020670572916666668,0.5185280442237854,0.005933129,-0.008758493097654233,0.2,0.0003
68608,67,627,59.16,109,19.31115588,3.0514467482765517,396,-0.6604351537923018,0.8041036128997803,0.038736979166666664,0.40428102016448975,0.0054890015,-0.00899071445261749,0.2,0.0003
69632,68,637,59.88,109,19.054659560000005,3.0991160795092583,402,-0.6945165246725082,0.8610233664512634,0.013509114583333334,1.1649200916290283,0.0038459406,-0.007479601161321625,0.2,0.0003
70656,69,646,59.68,109,19.20613978,1.6744858970244725,408,-0.6866844333708286,0.8896000981330872,0.011393229166666666,0.3618665933609009,0.0032616747,-0.006920239373963947,0.2,0.0003
71680,70,654,59.64,109,18.88576492,1.9889652592440445,414,-0.708039004355669,0.9409923553466797,0.023763020833333332,0.5141562819480896,0.0054793563,-0.009949240290249387,0.2,0.0003
72704,71,662,59.64,109,18.744053550000004,2.68633754303058,420,-0.6531092052658399,0.9044603109359741,0.03125,0.5239114761352539,0.00774159,-0.01023888451163657,0.2,0.0003
73728,72,676,60.11,109,18.031914470000004,1.7899951040744781,426,-0.6823000932733218,0.895679235458374,0.06608072916666667,0.46941009163856506,0.010520204,-0.014986372125955919,0.2,0.0003
74752,73,684,60.38,109,17.626461380000002,1.714328793187936,432,-0.6803565683464209,0.9167095422744751,0.01220703125,0.5578581094741821,0.0038950634,-0.00673865601614428,0.2,0.0003
75776,74,693,59.86,109,18.0901453,11.864930575092634,438,-0.6800427759687105,0.8260384798049927,0.001953125,1.9087103605270386,0.0017469643,-0.0053300983175480115,0.2,0.0003
76800,75,700,60.05,109,18.57898099,2.7216567868987718,444,-0.7299097217619419,0.872502326965332,0.017252604166666668,0.7576095461845398,0.0041851522,-0.006731828757134887,0.2,0.0003
77824,76,707,59.61,110,18.540130409999996,1.0660582420726616,450,-0.7154055746893088,0.8922526836395264,0.05615234375,0.23869703710079193,0.009389881,-0.013895938725909218,0.2,0.0003
78848,77,718,59.04,109,19.265140770000002,5.132023826241493,456,-0.7399591964979967,0.6806292533874512,0.02490234375,0.4021663963794708,0.004969845,-0.004961398022715002,0.2,0.0003
79872,78,727,58.84,109,19.11944086,2.4372554620107016,462,-0.6765280216932297,0.8540886044502258,0.008463541666666666,0.8360583186149597,0.0029112515,-0.007117008023972933,0.2,0.0003
80896,79,736,58.96,109,20.442537100000003,3.142264203478893,468,-0.7309390703837076,0.8389670848846436,0.027994791666666668,0.47346043586730957,0.005720306,-0.01121609610466597,0.2,0.0003
81920,80,751,58.8,108,20.10943843,1.0410432318846385,474,-0.6855918057262897,0.9196799397468567,0.0498046875,0.2141830027103424,0.0071270918,-0.010923621788000068,0.2,0.0003
82944,81,758,58.95,109,19.723993969999995,2.8441571767131486,480,-0.7744043841958046,0.8821654915809631,0.025065104166666668,0.5111242532730103,0.0056210174,-0.010834790310279155,0.2,0.0003
83968,82,768,59.05,109,18.95389133,13.829755933955312,486,-0.6539421391983827,0.7619222402572632,0.020345052083333332,11.93885612487793,0.0053809024,-0.007836279226467013,0.2,0.0003
84992,83,779,58.08,109,17.32099978,2.3484808579087257,492,-0.6554594933986664,0.9127078652381897,0.01025390625,0.5867080688476562,0.0021929033,-0.007234090400743298,0.2,0.0003
86016,84,786,58.11,109,16.703612250000003,25.1372938255469,498,-0.6696797758340836,0.7475379705429077,0.00048828125,7.804824352264404,0.0010461789,-0.002960252206927786,0.2,0.0003
87040,85,793,58.2,109,15.804127220000003,2.3742976809541383,504,-0.6837767822047075,0.9243976473808289,0.0390625,0.6166978478431702,0.0075434567,-0.010068553247644255,0.2,0.0003
88064,86,802,57.74,109,15.40247628,3.2206532383958497,510,-0.7118232113619646,0.937132716178894,0.005859375,0.5113277435302734,0.0027834722,-0.006145428841894803,0.2,0.0003
89088,87,809,57.14,110,15.06718613,10.158278949558735,516,-0.6893617548048496,0.8505945801734924,0.00016276041666666666,1.2357985973358154,0.00083999685,-0.0036224146315362304,0.2,0.0003
90112,88,821,56.96,109,15.32877765,7.1016011238098145,522,-0.6698482756813368,0.8811100125312805,0.00830078125,1.2491395473480225,0.0029577082,-0.006336965666074927,0.2,0.0003
91136,89,832,58.21,109,17.07691295,1.8283654352029164,528,-0.6458212075134119,0.957608699798584,0.01171875,0.41732969880104065,0.0041317963,-0.005416546550501759,0.2,0.0003
92160,90,843,57.24,109,17.24689363,1.9534482980767887,534,-0.6822653400401274,0.8643286824226379,0.015462239583333334,0.6669552326202393,0.004066795,-0.007380920569024359,0.2,0.0003
93184,91,850,57.26,109,17.42190556,19.568309808770817,540,-0.6355898603796959,0.6350213289260864,0.005859375,2.1610007286071777,0.0027051428,-0.004078819498924228,0.2,0.0003
94208,92,862,57.05,109,17.340816519999997,20.692762538790703,546,-0.618794284760952,0.5886781215667725,0.00016276041666666666,2.086481809616089,0.000729186,-0.003560110373655334,0.2,0.0003
95232,93,869,58.09,109,18.01424387,2.7003804619113603,552,-0.6253009426097075,0.9417506456375122,0.013020833333333334,0.6163533926010132,0.0033254563,-0.0070862931218774365,0.2,0.0003
96256,94,878,57.9,109,17.815990299999996,5.871081953247388,558,-0.6810811112324396,0.9060928225517273,0.0026041666666666665,1.2434816360473633,0.0015783834,-0.00391241475881543,0.2,0.0003
97280,95,887,57.93,109,17.20306564,3.3056775207320848,564,-0.7111338973045349,0.9184666872024536,0.012858072916666666,0.5627954006195068,0.0040758476,-0.009614758775569499,0.2,0.0003
98304,96,900,58.14,109,16.692725720000002,7.9893805384635925,570,-0.6542685851454735,0.8013792634010315,0.0006510416666666666,1.7363674640655518,0.00073953974,-0.002793656700911621,0.2,0.0003
99328,97,906,58.29,109,17.557132379999995,18.975545331835747,576,-0.6600973544021448,0.5878254771232605,0.0006510416666666666,1.9112764596939087,0.00096172787,-0.002689414526685141,0.2,0.0003
100352,98,915,58.38,109,17.29986169,4.919259866078694,582,-0.6616440725823244,0.889335572719574,0.007486979166666667,1.1806484460830688,0.0019029353,-0.004703281447291374,0.2,0.0003
101376,99,923,58.37,109,17.626670709999996,10.361084831257662,588,-0.7118396461009979,0.7496290802955627,0.00537109375,8.540767669677734,0.002655259,-0.004334022363764234,0.2,0.0003
102400,100,930,58.76,110,18.08553685,6.22890234241883,594,-0.6758920885622501,0.7861524820327759,0.0030924479166666665,1.06187105178833,0.0021218145,-0.003875670129976546,0.2,0.0003
103424,101,940,59.25,109,18.81160919,1.4517501319448154,600,-0.6333561365803083,0.9473387598991394,0.026529947916666668,0.24034065008163452,0.0062586046,-0.010898592241574079,0.2,0.0003
104448,102,948,59.2,110,19.144656789999996,2.502660776178042,606,-0.696845163901647,0.9267057776451111,0.04150390625,0.6644566655158997,0.0069198827,-0.009897538349226428,0.2,0.0003
105472,103,956,59.05,110,19.691144440000002,1.1248945326854785,612,-0.6899115977187952,0.9579905271530151,0.06689453125,0.24086178839206696,0.008557154,-0.013106266521693518,0.2,0.0003
106496,104,968,59.45,109,19.849209399999996,1.9811400783558686,618,-0.7090254177649816,0.9495400190353394,0.0078125,0.5703433752059937,0.0039067385,-0.005394499409400548,0.2,0.0003
107520,105,976,59.96,110,19.845125630000002,1.8976748573283355,624,-0.6260806483527025,0.9531853199005127,0.024251302083333332,0.49500370025634766,0.0049129296,-0.008545244820804024,0.2,0.0003
108544,106,985,59.96,110,19.49130816,1.9048855962852638,630,-0.6498945504426956,0.9225825071334839,0.026692708333333332,0.2879300117492676,0.004858113,-0.009692991540456811,0.2,0.0003
109568,107,992,59.51,110,17.988466340000002,4.468176109095414,636,-0.63664277891318,0.8602845072746277,0.00634765625,0.9924727082252502,0.0031005787,-0.004880946265378346,0.2,0.0003
110592,108,998,59.62,110,18.079354480000003,7.321536970635255,642,-0.6340268068015575,0.782699465751648,0.00048828125,1.4568289518356323,0.0009708863,-0.002569287879547725,0.2,0.0003
111616,109,1007,59.92,110,17.597315720000005,10.372980234523615,648,-0.6738604580362638,0.6100316047668457,0.00016276041666666666,1.3664836883544922,0.000401517,-0.0010963993069405358,0.2,0.0003
112640,110,1015,59.39,110,18.063742820000005,2.2699260922769704,654,-0.5862964751819769,0.9390159249305725,0.047526041666666664,0.9979922771453857,0.005696697,-0.012952486489666626,0.2,0.0003
113664,111,1023,58.77,111,17.4840391,1.3335615893205006,660,-0.6932299695909023,0.9395727515220642,0.07405598958333333,0.5109053254127502,0.010555392,-0.01334053535053196,0.2,0.0003
114688,112,1036,59.25,110,18.16442501,21.320841291298468,666,-0.614812416334947,0.587684154510498,0.025390625,10.35403823852539,0.0040032994,-0.006394936615834013,0.2,0.0003
115712,113,1047,59.21,110,18.86868647,1.16157449533542,672,-0.6504727688928446,0.9541365504264832,0.029622395833333332,0.3410472273826599,0.005844695,-0.00891052324247236,0.2,0.0003
116736,114,1055,57.89,110,18.94246899,1.5463013251622517,678,-0.6551078955332438,0.9451515674591064,0.046223958333333336,0.37838733196258545,0.0065710014,-0.009746865883547192,0.2,0.0003
117760,115,1064,57.72,110,19.208939870000002,15.20100125670433,684,-0.6055457703769207,0.7155853509902954,0.022135416666666668,0.7585241794586182,0.004426252,-0.008560257192584686,0.2,0.0003
118784,116,1072,57.59,110,19.516537669999998,1.941744929800431,690,-0.6351587697863579,0.9271563291549683,0.041666666666666664,0.5155720114707947,0.005999074,-0.009684856340754777,0.2,0.0003
119808,117,1081,57.99,110,20.0021166,3.1273039057850838,696,-0.6392088122665882,0.8825814723968506,0.022135416666666668,0.7343080639839172,0.0050817532,-0.007661378370054687,0.2,0.0003
120832,118,1091,56.33,110,20.424869610000002,0.5762371234595776,702,-0.651232278595368,0.951093852519989,0.058430989583333336,0.10903525352478027,0.006541189,-0.010362535210636755,0.2,0.0003
121856,119,1098,56.49,110,19.71940073,18.33180856704712,708,-0.6680899262428284,0.6364917755126953,0.019856770833333332,9.698956489562988,0.0043302607,-0.0037210343192176274,0.2,0.0003
122880,120,1112,57.64,110,19.118447249999996,4.347431945304076,714,-0.6274045966565609,0.8842278122901917,0.013509114583333334,0.5933786630630493,0.00426784,-0.006893598915970263,0.2,0.0003
123904,121,1121,57.12,110,19.28836362,4.944469074408214,720,-0.5754040715595087,0.8794498443603516,0.00244140625,1.579278826713562,0.0016576669,-0.004885115912960221,0.2,0.0003
124928,122,1130,57.66,110,19.41515404,2.774748911460241,726,-0.545415905614694,0.9102441072463989,0.024251302083333332,1.01051664352417,0.0049311123,-0.0073277935637937235,0.2,0.0003
125952,123,1138,57.62,110,19.23960075,0.7671034981807073,732,-0.5362805289526781,0.9154729247093201,0.0615234375,0.19691236317157745,0.0062221186,-0.012976851013566678,0.2,0.0003
126976,124,1147,58.74,110,19.28549758,3.3633712443212667,738,-0.6242925114929676,0.9006213545799255,0.01806640625,0.8041809797286987,0.0046342057,-0.007677571605502938,0.2,0.0003
128000,125,1155,58.32,110,19.06843809,1.3474647973974545,744,-0.5657851385573546,0.9497401118278503,0.016438802083333332,0.27158358693122864,0.004548202,-0.00696828313327084,0.2,0.0003
129024,126,1163,58.51,110,19.30859085,6.370969288051128,750,-0.5951862422128519,0.8472738265991211,0.0006510416666666666,0.8587878346443176,0.0007450578,-0.0038632895399738723,0.2,0.0003
130048,127,1174,58.5,110,19.35498877,2.7214596482614675,756,-0.5732784382998943,0.9459673166275024,0.02490234375,0.40902018547058105,0.006078532,-0.010018582678943252,0.2,0.0003
131072,128,1188,58.35,110,18.73146391,2.1807385298113027,762,-0.5627347119152546,0.9486759305000305,0.03662109375,0.6987613439559937,0.004382098,-0.010330694194029396,0.2,0.0003
132096,129,1197,58.02,110,19.098952790000002,3.761888017257055,768,-0.5620963896314303,0.9152774810791016,0.01220703125,1.4991272687911987,0.003103098,-0.006597540729368727,0.2,0.0003
133120,130,1206,57.75,110,19.29823464,2.1020247588555017,774,-0.6014290116727352,0.9404317140579224,0.031412760416666664,0.5319795608520508,0.0054975967,-0.009032471580818916,0.2,0.0003
134144,131,1213,58.04,110,20.20631085,1.9231170949836571,780,-0.6109660031894842,0.9515867829322815,0.026692708333333332,0.5058568120002747,0.005388976,-0.01273198809940368,0.2,0.0003
135168,132,1222,58.15,110,20.02823377,13.860536023974419,786,-0.5776481504241625,0.5750616788864136,0.0,3.9321513175964355,0.00094732444,-0.0014701671267782028,0.2,0.0003
136192,133,1230,58.33,110,19.79973592,2.4390341540177665,792,-0.6089917855958143,0.9487655162811279,0.009765625,0.7421647310256958,0.0028919273,-0.008165077660426808,0.2,0.0003
137216,134,1238,58.37,110,19.721328439999997,2.036223960419496,798,-0.5716903333862623,0.95936518907547,0.02001953125,0.5628061890602112,0.0034498945,-0.007525028059414278,0.2,0.0003
138240,135,1247,58.85,110,19.935056080000003,0.966704540575544,804,-0.5831781253218651,0.9631169438362122,0.07926432291666667,0.24885888397693634,0.008606839,-0.013211533815289537,0.2,0.0003
139264,136,1261,58.49,110,19.028499520000004,1.619173200180133,810,-0.5282242950052023,0.9481793642044067,0.039876302083333336,0.2729042172431946,0.007842669,-0.008955281208424518,0.2,0.0003
140288,137,1270,58.49,110,19.684405889999997,12.615452378988266,816,-0.6150753237307072,0.7178531885147095,0.01708984375,8.901615142822266,0.004785796,-0.005159701579638447,0.2,0.0003
141312,138,1277,58.48,110,19.72423979,0.5920906411483884,822,-0.5425043447564045,0.9802595973014832,0.057291666666666664,0.14348435401916504,0.008010173,-0.013619704336936897,0.2,0.0003
142336,139,1285,58.7,110,19.855260190000003,2.004954053709904,828,-0.5427820831537247,0.9692882299423218,0.026529947916666668,0.34389498829841614,0.0047056926,-0.009346977865789086,0.2,0.0003
143360,140,1293,58.71,110,19.927095350000002,6.4369886467854185,834,-0.5960940731068453,0.9005842208862305,0.0029296875,0.7720075845718384,0.0008650745,-0.005208477664079207,0.2,0.0003
144384,141,1301,59.15,110,20.63375306,1.0891503828267257,840,-0.5007572496930758,0.9794539213180542,0.02880859375,0.3644387125968933,0.005400019,-0.0083244070604754,0.2,0.0003
145408,142,1309,59.33,111,20.743091370000005,1.5550368415812652,846,-0.5658899011711279,0.9436233639717102,0.035807291666666664,0.3610576391220093,0.004759483,-0.009286125733827552,0.2,0.0003
146432,143,1317,58.9,111,20.41563475,0.7114041919509569,852,-0.5994241635004679,0.9648991227149963,0.04931640625,0.27237167954444885,0.007987999,-0.014114984379072363,0.2,0.0003
147456,144,1329,59.13,110,20.172200359999998,8.630889085431894,858,-0.5260923349608978,0.8387370109558105,0.00341796875,1.3864017724990845,0.002013876,-0.003358178238462036,0.2,0.0003
148480,145,1337,58.74,110,20.605353379999997,2.041263911873102,864,-0.5263003396491209,0.9081882238388062,0.0361328125,0.6538677215576172,0.005900804,-0.007567328594935437,0.2,0.0003
149504,146,1346,58.83,111,20.98919282,2.2395999332269034,870,-0.5458660001556078,0.9277199506759644,0.019694010416666668,1.0500601530075073,0.003047742,-0.007131552614737302,0.2,0.0003
150528,147,1353,58.72,111,20.40474351,2.1325810501972833,876,-0.5567085233827432,0.9332422018051147,0.05224609375,0.5903059244155884,0.00669741,-0.008295510740329822,0.2,0.0003
151552,148,1362,58.84,111,20.156147850000004,3.640081057945887,882,-0.5308595541864634,0.9398198127746582,0.00634765625,0.5849028825759888,0.0023625954,-0.005018666755252828,0.2,0.0003
152576,149,1370,59.41,111,20.23553189,2.7006732237835727,888,-0.5742779622475306,0.8945941925048828,0.0026041666666666665,0.41913488507270813,0.0012693198,-0.0035636005826139203,0.2,0.0003
153600,150,1377,59.47,111,20.7079857,2.6074355766177177,894,-0.5717869264384111,0.9524341821670532,0.010579427083333334,0.8605008721351624,0.0034475343,-0.0077509616676252335,0.2,0.0003
154624,151,1386,59.9,111,20.165403469999998,0.8013469725847244,900,-0.48959971343477565,0.9766258597373962,0.01953125,0.30093395709991455,0.002928122,-0.00843966190101734,0.2,0.0003
155648,152,1398,60.13,111,20.1827679,1.7361686527729034,906,-0.513053081308802,0.9540877342224121,0.03759765625,0.378867506980896,0.0062221684,-0.008512272611066388,0.2,0.0003
,,,,,,1.2386075742542744,912,-0.5353413634002209,0.9557263255119324,0.027669270833333332,0.439374178647995,0.00499639,-0.009016256318621648,0.2,0.0003
